Stations_id;von_datum;bis_datum;Stationshoehe;geoBreite;geoLaenge;Stationsname;Bundesland;lat;lon
3;19500401;20110331;202;507.827;60.941;Aachen;Nordrhein-Westfalen;50.7827;6.0941
44;20070401;20240126;44;529.336;82.370;Großenkneten;Niedersachsen;52.9336;8.237
52;19760101;19880101;46;536.623;101.990;Ahrensburg-Wulfsdorf;Schleswig-Holstein;53.6623;10.199
71;20091201;20191231;759;482.156;89.784;Albstadt-Badkap;Baden-Württemberg;48.2156;8.9784
73;20070401;20240126;374;486.183;130.620;Aldersbach-Kramersepp;Bayern;48.6183;13.062
78;20041101;20240126;64;524.853;79.125;Alfhausen;Niedersachsen;52.4853;7.9125
91;20040901;20240126;300;507.446;93.450;Alsfeld-Eifa;Hessen;50.7446;9.345
96;20190409;20240126;50;529.437;128.518;Neuruppin-Alt;Brandenburg;52.9437;12.8518
102;20020101;20240126;0;538.633;81.275;Leuchtturm;Niedersachsen;53.8633;8.1275
106;19990101;20061201;500;517.976;104.429;Altenau;Niedersachsen;51.7976;10.4429
125;19710104;20240126;742;478.342;108.667;Altenstadt;Bayern;47.8342;10.8667
131;20041101;20240126;296;510.881;129.326;Geringswalde-Altgeringswalde;Sachsen;51.0881;12.9326
142;19820101;20240126;511;484.060;113.117;Altomünster-Maisbrunn;Bayern;48.406;11.3117
150;20050701;20240126;215;497.273;81.164;Alzey;Rheinland-Pfalz;49.7273;8.1164
151;20050301;20240126;382;494.691;118.546;Amberg-Unterammersricht;Bayern;49.4691;11.8546
154;20050301;20240126;516;480.197;122.925;Amerang-Pfaffing;Bayern;48.0197;12.2925
161;20110901;20240126;75;504.237;74.202;Andernach;Rheinland-Pfalz;50.4237;7.4202
164;19560101;20240126;54;530.316;139.908;Angermünde;Brandenburg;53.0316;13.9908
167;20040901;20240126;11;538.409;136.854;Anklam;Mecklenburg-Vorpommern;53.8409;13.6854
175;19550101;19751231;413;492.964;105.751;Ansbach;Bayern;49.2964;10.5751
181;19990928;20081103;30;528.761;115.042;Arendsee;Sachsen-Anhalt;52.8761;11.5042
183;19730101;20240126;42;546.791;134.344;Arkona;Mecklenburg-Vorpommern;54.6791;13.4344
191;20041104;20240126;217;499.694;99.114;Arnstein-Müdesheim;Bayern;49.9694;9.9114
198;19610101;20240126;164;513.744;112.920;Artern;Thüringen;51.3744;11.292
217;20050101;20240126;670;478.774;113.643;Attenkam;Bayern;47.8774;11.3643
222;19820101;20240126;393;505.908;127.139;Aue;Sachsen;50.5908;12.7139
232;19550101;20240126;462;484.253;109.417;Augsburg;Bayern;48.4253;10.9417
257;20021101;20240126;240;487.270;82.457;Baden-Baden-Geroldsau;Baden-Württemberg;48.727;8.2457
259;20040701;20240126;275;478.064;76.387;Müllheim;Baden-Württemberg;47.8064;7.6387
268;19960718;20081231;622;485.293;82.727;Baiersbronn-Obertal;Baden-Württemberg;48.5293;8.2727
282;19610101;20240126;240;498.743;109.206;Bamberg;Bayern;49.8743;10.9206
284;19470101;19550101;282;498.800;108.800;Bamberg;Bayern;49.88;10.88
294;20040701;20240126;110;523.199;94.300;Barsinghausen-Hohenbostel;Niedersachsen;52.3199;9.43
298;19810101;20240126;3;543.405;127.108;Barth;Mecklenburg-Vorpommern;54.3405;12.7108
303;19930819;20240126;55;520.613;134.997;Baruth;Brandenburg;52.0613;13.4997
314;20040501;20240126;234;511.604;145.042;Kubschütz,;Sachsen;51.1604;14.5042
320;20060701;20240126;350;499.666;115.198;Heinersreuth-Vollhof;Bayern;49.9666;11.5198
326;20040701;20130708;120;517.204;80.577;Beckum-Unterberg;Nordrhein-Westfalen;51.7204;8.0577
330;20040801;20240126;455;495.617;89.673;Oberzent-Beerfelden;Hessen;49.5617;8.9673
342;20101201;20240126;103;523.170;81.694;Belm;Niedersachsen;52.317;8.1694
348;19891215;20110901;127;504.135;75.886;Bendorf;Rheinland-Pfalz;50.4135;7.5886
350;19990601;19991231;540;516.715;107.268;Benneckenstein;Sachsen-Anhalt;51.6715;10.7268
361;19480101;19760101;550;476.344;130.109;Berchtesgaden;Bayern;47.6344;13.0109
368;20020101;20240126;69;528.152;99.248;Bergen;Niedersachsen;52.8152;9.9248
377;20041001;20240126;210;491.070;79.967;Bergzabern,;Rheinland-Pfalz;49.107;7.9967
379;20170901;20240126;304;509.075;112.665;Berka,;Thüringen;50.9075;11.2665
390;20040701;20240126;610;509.837;83.683;Berleburg,;Nordrhein-Westfalen;50.9837;8.3683
399;19691201;20110801;36;525.198;134.057;Berlin-Alexanderplatz;Berlin;52.5198;13.4057
400;19910101;20240126;60;526.310;135.021;Berlin-Buch;Berlin;52.631;13.5021
403;20020101;20240126;51;524.537;133.017;Berlin-Dahlem;Berlin;52.4537;13.3017
410;20040501;20200615;33;524.040;137.309;Berlin-Kaniswall;Berlin;52.404;13.7309
420;20070801;20230806;61;525.447;135.598;Berlin-Marzahn;Berlin;52.5447;13.5598
424;19610101;19810101;36;525.000;134.667;Berlin-Ostkreuz;Berlin;52.5;13.4667
427;19730101;20240126;46;523.807;135.306;Berlin;Brandenburg;52.3807;13.5306
430;19860101;20210505;36;525.644;133.088;Berlin-Tegel;Berlin;52.5644;13.3088
433;19510101;20240126;48;524.676;134.020;Berlin-Tempelhof;Berlin;52.4676;13.402
445;20050701;20240126;85;518.218;117.110;Bernburg/Saale;Sachsen-Anhalt;51.8218;11.711
450;20051101;20121204;120;499.186;70.664;Bernkastel-Kues;Rheinland-Pfalz;49.9186;7.0664
460;19610101;20240126;362;492.641;66.868;Berus;Saarland;49.2641;6.6868
474;19750601;19780601;599;481.252;97.639;Warthausen-Birkenhard;Baden-Württemberg;48.1252;9.7639
535;20040601;20240126;417;500.372;73.079;Blankenrath;Rheinland-Pfalz;50.0372;7.3079
553;19510101;19740901;25;518.380;66.107;Bocholt;Nordrhein-Westfalen;51.838;6.6107
554;19740901;20060228;23;518.293;65.365;Bocholt-Liedern;Nordrhein-Westfalen;51.8293;6.5365
555;20080101;20240126;110;515.026;72.289;Bochum;Nordrhein-Westfalen;51.5026;7.2289
591;19730101;20240126;45;533.911;106.878;Boizenburg;Mecklenburg-Vorpommern;53.3911;10.6878
596;19730101;20240126;15;540.027;111.908;Boltenhagen;Mecklenburg-Vorpommern;54.0027;11.1908
598;19490101;19570101;62;507.285;70.839;Bonn;Nordrhein-Westfalen;50.7285;7.0839
599;19840101;19971201;62;507.055;71.467;Bonn-Friesdorf;Nordrhein-Westfalen;50.7055;7.1467
603;20010403;20240126;147;507.293;72.040;Königswinter-Heiderhof;Nordrhein-Westfalen;50.7293;7.204
617;20040601;20240126;47;518.730;68.863;Borken;Nordrhein-Westfalen;51.873;6.8863
656;19480101;20240126;607;517.234;106.021;Braunlage;Niedersachsen;51.7234;10.6021
662;19510101;20240126;81;522.915;104.464;Braunschweig;Niedersachsen;52.2915;10.4464
685;20020101;20061031;585;499.017;94.281;Breitsol;Bayern;49.9017;9.4281
691;19490101;20240126;4;530.451;87.981;Bremen;Bremen;53.0451;8.7981
701;19490101;20240126;7;535.332;85.761;Bremerhaven;Bremen;53.5332;8.5761
704;19910101;20240126;11;534.451;91.390;Bremervörde;Niedersachsen;53.4451;9.139
722;19510101;20240126;1135;517.986;106.183;Brocken;Sachsen-Anhalt;51.7986;10.6183
755;20040601;20240126;340;495.182;93.213;Buchen,;Baden-Württemberg;49.5182;9.3213
757;20040601;20240126;445;479.625;79.983;Buchenbach;Baden-Württemberg;47.9625;7.9983
760;20171201;20240126;83;533.629;99.435;Rosengarten-Klecken;Niedersachsen;53.3629;9.9435
766;20020101;20240126;477;501.745;70.595;Büchel-Alflen;Rheinland-Pfalz;50.1745;7.0595
769;20020101;20240126;68;522.817;90.890;Bückeburg;Niedersachsen;52.2817;9.089
817;20050201;20240126;293;510.306;88.146;Burgwald-Bottendorf;Hessen;51.0306;8.8146
840;19910101;20240126;895;504.313;126.114;Carlsfeld;Sachsen;50.4313;12.6114
850;20020101;20240126;45;525.959;100.296;Celle;Niedersachsen;52.5959;10.0296
853;19510101;20240126;416;507.913;128.720;Chemnitz;Sachsen;50.7913;12.872
856;19910101;20240126;551;478.843;125.404;Chieming;Bayern;47.8843;12.5404
860;20231001;20240126;80;522.731;100.163;Algermissen-Groß;Niedersachsen;52.2731;10.0163
863;20071001;20120403;585;517.904;103.470;Clausthal-Zellerfeld;Niedersachsen;51.7904;10.347
867;19470101;20240126;344;503.066;109.679;Lautertal-Oberlauter;Bayern;50.3066;10.9679
876;19730101;19890101;314;513.040;130.096;Collmberg;Sachsen;51.304;13.0096
879;20020101;20030611;68;517.667;142.833;Cottbus;Brandenburg;51.7667;14.2833
880;19560101;20240126;69;517.759;143.168;Cottbus;Brandenburg;51.7759;14.3168
891;19510101;20240126;5;538.713;87.060;Cuxhaven;Niedersachsen;53.8713;8.706
896;20040801;20240126;170;510.778;108.619;Dachwig;Thüringen;51.0778;10.8619
917;20040901;20240126;162;498.809;86.779;Darmstadt;Hessen;49.8809;8.6779
919;19580101;19720101;169;498.697;86.796;Darmstadt-Botanischer;Hessen;49.8697;8.6796
920;19720101;19870929;108;498.564;85.929;Darmstadt;Hessen;49.8564;8.5929
953;19550101;20240126;481;497.619;70.542;Deuselbach;Rheinland-Pfalz;49.7619;7.0542
954;20000501;20221121;0;541.796;74.587;UFS;Hamburg;54.1796;7.4587
963;19940103;20240126;38;525.881;83.424;Diepholz;Niedersachsen;52.5881;8.3424
979;20040901;20230313;314;507.364;82.672;Dillenburg;Hessen;50.7364;8.2672
982;19760101;19780601;420;485.701;104.985;Dillingen/Donau;Bayern;48.5701;10.4985
983;20061201;20240126;419;485.562;105.599;Dillingen/Donau-Fristingen;Bayern;48.5562;10.5599
991;20050201;20240126;359;509.116;137.087;Dippoldiswalde-Reinberg;Sachsen;50.9116;13.7087
998;19961001;20090201;696;487.968;84.921;Dobel;Baden-Württemberg;48.7968;8.4921
1001;19810101;20240126;97;516.451;135.747;Doberlug-Kirchhain;Brandenburg;51.6451;13.5747
1048;19730101;20240126;228;511.278;137.543;Dresden-Klotzsche;Sachsen;51.1278;13.7543
1050;20060401;20240126;112;510.221;138.470;Dresden-Hosterwitz;Sachsen;51.0221;13.847
1051;20070301;20230814;119;510.249;137.750;Dresden-Strehlen;Sachsen;51.0249;13.775
1052;20040701;20240126;80;522.174;121.641;Möckern-Drewitz;Sachsen-Anhalt;52.2174;12.1641
1072;20040601;20240126;107;494.719;81.929;Dürkheim,;Rheinland-Pfalz;49.4719;8.1929
1076;19960514;20090101;692;480.135;85.343;Dürrheim,;Baden-Württemberg;48.0135;8.5343
1078;19760301;20240126;37;512.960;67.686;Düsseldorf;Nordrhein-Westfalen;51.296;6.7686
1103;20061001;20240126;592;481.003;119.872;Ebersberg-Halbing;Bayern;48.1003;11.9872
1107;20041201;20240126;346;498.520;104.991;Ebrach;Bayern;49.852;10.4991
1130;20020101;20050422;18;546.282;93.649;Eggebek;Schleswig-Holstein;54.6282;9.3649
1161;20050201;20240126;384;488.777;112.349;Eichstätt-Landershofen;Bayern;48.8777;11.2349
1197;19480101;20240126;463;489.895;101.312;Ellwangen-Rindelbach;Baden-Württemberg;48.9895;10.1312
1200;20020101;20240126;3;540.691;90.105;Elpersbüttel;Schleswig-Holstein;54.0691;9.0105
1207;20060301;20240126;558;502.705;122.742;Elster,;Sachsen;50.2705;12.2742
1214;20040801;20240126;431;482.012;81.088;Elzach-Fisnacht;Baden-Württemberg;48.2012;8.1088
1219;19710101;19981102;5;533.449;71.909;Emden-Nesserland;Niedersachsen;53.3449;7.1909
1221;19490101;19710101;0;533.707;72.236;Emden-Wolthusen;Niedersachsen;53.3707;7.2236
1224;20021201;20240126;201;481.378;78.351;Emmendingen-Mundingen;Baden-Württemberg;48.1378;7.8351
1228;20020101;20240126;0;541.651;63.460;UFS;Hamburg;54.1651;6.346
1239;20040701;20080923;540;478.516;87.673;Engen/Hegau;Baden-Württemberg;47.8516;8.7673
1246;20150801;20240126;104;518.418;80.607;Ennigerloh-Ostenfelde;Nordrhein-Westfalen;51.8418;8.0607
1255;20021201;20240126;226;491.661;88.483;Eppingen-Elsenz;Baden-Württemberg;49.1661;8.8483
1262;19920517;20240126;446;483.477;118.134;München-Flughafen;Bayern;48.3477;11.8134
1266;20040601;20240126;18;542.992;93.162;Erfde;Schleswig-Holstein;54.2992;9.3162
1270;19510101;20240126;316;509.829;109.608;Erfurt-Weimar;Thüringen;50.9829;10.9608
1279;19861101;20240126;268;496.497;110.075;Möhrendorf-Kleinseebach;Bayern;49.6497;11.0075
1281;19941101;20010501;284;495.653;109.729;Erlangen-Frauenaurach;Bayern;49.5653;10.9729
1297;20041001;20240126;156;512.041;100.138;Eschwege;Hessen;51.2041;10.0138
1300;20040601;20240126;351;512.540;81.565;Eslohe;Nordrhein-Westfalen;51.254;8.1565
1303;19510101;20240126;150;514.041;69.677;Essen-Bredeney;Nordrhein-Westfalen;51.4041;6.9677
1327;20040801;20240126;147;507.119;67.905;Weilerswist-Lommersum;Nordrhein-Westfalen;50.7119;6.7905
1332;20050301;20240126;471;484.832;127.241;Falkenberg,Kr.Rottal-Inn;Bayern;48.4832;12.7241
1339;20020101;20240126;76;529.157;101.885;Faßberg;Niedersachsen;52.9157;10.1885
1341;20081201;20110929;0;546.000;111.500;Fehmarnbelt;Schleswig-Holstein;54.6;11.15
1346;19520101;20240126;1486;478.748;80.038;Feldberg/Schwarzwald;Baden-Württemberg;47.8748;8.0038
1357;20050301;20240126;655;499.807;118.376;Fichtelberg/Oberfranken-Hüttstadl;Bayern;49.9807;11.8376
1358;19510101;20240126;1213;504.283;129.536;Fichtelberg;Sachsen;50.4283;12.9536
1411;20070101;20240126;747;505.309;100.479;Birx/Rhön;Thüringen;50.5309;10.0479
1420;19810101;20240126;100;500.259;85.213;Frankfurt/Main;Hessen;50.0259;8.5213
1421;19620101;19840901;125;501.474;86.746;Frankfurt/Main;Hessen;50.1474;8.6746
1424;20080801;20240126;121;501.269;86.694;Frankfurt/Main-Westend;Hessen;50.1269;8.6694
1425;19480101;19620101;103;501.214;86.604;Frankfurt/Main;Hessen;50.1214;8.6604
1426;19610101;19850101;65;523.397;145.080;Frankfurt/Oder;Brandenburg;52.3397;14.508
1443;19510101;20240126;237;480.232;78.343;Freiburg;Baden-Württemberg;48.0232;7.8343
1451;20040601;20240126;2;538.277;92.493;Freiburg/Elbe;Niedersachsen;53.8277;9.2493
1468;19510101;20240126;797;484.538;84.090;Freudenstadt;Baden-Württemberg;48.4538;8.409
1473;20060101;20190228;414;491.869;113.080;Freystadt-Michelbach;Bayern;49.1869;11.308
1490;19650101;19770801;394;476.454;94.795;Friedrichshafen;Baden-Württemberg;47.6454;9.4795
1503;20121001;20240126;6;530.643;79.020;Friesoythe-Altenoythe;Niedersachsen;53.0643;7.902
1504;20020101;20240126;172;511.190;92.799;Fritzlar/Eder;Hessen;51.119;9.2799
1515;20021104;20030814;519;482.000;112.667;Fürstenfeldbruck;Bayern;48.2;11.2667
1526;20041101;20240126;242;505.668;96.532;Fulda-Horas;Hessen;50.5668;9.6532
1544;19510101;20240126;47;525.129;113.942;Gardelegen;Sachsen-Anhalt;52.5129;11.3942
1550;19480101;20240126;719;474.830;110.621;Garmisch-Partenkirchen;Bayern;47.483;11.0621
1572;20020101;20240126;80;509.593;60.392;Geilenkirchen-Neutevern;Nordrhein-Westfalen;50.9593;6.0392
1580;19460101;20240126;111;499.859;79.548;Geisenheim;Hessen;49.9859;7.9548
1583;19510101;19710101;823;507.719;137.732;Geisingberg;Sachsen;50.7719;13.7732
1584;20090601;20240126;673;479.242;86.474;Geisingen;Baden-Württemberg;47.9242;8.6474
1587;19910101;20240126;536;489.481;114.289;Gelbelsee;Bayern;48.9481;11.4289
1590;20030701;20240126;37;514.942;62.463;Geldern-Walbeck;Nordrhein-Westfalen;51.4942;6.2463
1602;20040701;20240126;177;484.330;79.930;Ohlsbach;Baden-Württemberg;48.433;7.993
1605;19820101;20240126;35;523.875;121.602;Genthin;Sachsen-Anhalt;52.3875;12.1602
1612;19730101;20240126;311;508.812;121.289;Gera-Leumnitz;Thüringen;50.8812;12.1289
1639;19500101;20240126;203;506.017;86.439;Gießen/Wettenberg;Hessen;50.6017;8.6439
1645;20040501;20240126;340;509.656;90.500;Gilserberg-Moischeid;Hessen;50.9656;9.05
1666;20020101;20240126;12;548.273;95.058;Glücksburg-Meierwik;Schleswig-Holstein;54.8273;9.5058
1684;19510101;20240126;239;511.621;149.506;Görlitz;Sachsen;51.1621;14.9506
1691;19480101;20240126;167;515.002;99.507;Göttingen;Niedersachsen;51.5002;9.9507
1694;19810101;20240126;59;536.058;121.034;Goldberg;Mecklenburg-Vorpommern;53.6058;12.1034
1721;20061001;20240126;506;496.640;112.239;Gräfenberg-Kasberg;Bayern;49.664;11.2239
1735;20050301;20240126;628;487.894;136.290;Grainet-Rehberg;Bayern;48.7894;13.629
1736;20020124;20240126;26;535.731;106.797;Grambek;Schleswig-Holstein;53.5731;10.6797
1757;19780101;20240126;2;540.967;134.056;Greifswald;Mecklenburg-Vorpommern;54.0967;13.4056
1758;19510101;19780101;2;541.000;134.500;Greifswald-Wieck;Mecklenburg-Vorpommern;54.1;13.45
1759;20001025;20240126;12;542.437;139.102;Greifswalder;Mecklenburg-Vorpommern;54.2437;13.9102
1766;19891001;20240126;48;521.344;76.969;Münster/Osnabrück;Nordrhein-Westfalen;52.1344;7.6969
1792;20200814;20240126;27;527.553;74.815;Groß;Niedersachsen;52.7553;7.4815
1803;19910101;20240126;35;540.714;123.238;Groß;Mecklenburg-Vorpommern;54.0714;12.3238
1832;19821101;20240126;1436;491.129;131.338;Großer;Bayern;49.1129;13.1338
1833;19480101;19821101;1307;490.851;132.801;Grosser;Bayern;49.0851;13.2801
1834;19510101;19780701;913;508.519;104.665;Grosser;Thüringen;50.8519;10.4665
1863;20071201;20240126;258;502.667;91.854;Gründau-Breitenborn;Hessen;50.2667;9.1854
1869;19810101;20240126;56;533.154;139.339;Grünow;Brandenburg;53.3154;13.9339
1886;20160901;20240126;444;484.878;102.608;Günzburg;Bayern;48.4878;10.2608
1892;20020101;20131028;72;519.298;83.005;Gütersloh;Nordrhein-Westfalen;51.9298;8.3005
1902;19841101;19871001;413;491.273;107.448;Gunzenhausen/Altmühlsee;Bayern;49.1273;10.7448
1957;19530101;20150323;93;515.138;119.499;Halle-Kröllwitz;Sachsen-Anhalt;51.5138;11.9499
1960;19600101;19710101;102;514.831;119.671;Halle;Sachsen-Anhalt;51.4831;11.9671
1964;20050501;20240126;328;499.445;63.821;Olsdorf;Rheinland-Pfalz;49.9445;6.3821
1975;19490101;20240126;11;536.332;99.881;Hamburg-Fuhlsbüttel;Hamburg;53.6332;9.9881
1981;20050301;20240126;4;534.776;98.957;Hamburg-Neuwiedenthal;Hamburg;53.4776;9.8957
2014;19490101;20240126;55;524.644;96.779;Hannover;Niedersachsen;52.4644;9.6779
2023;20020101;20240126;501;487.918;107.062;Harburg;Bayern;48.7918;10.7062
2039;20061101;20240126;203;519.002;105.699;Harzburg,;Niedersachsen;51.9002;10.5699
2044;19810101;20240126;404;516.520;111.366;Harzgerode;Sachsen-Anhalt;51.652;11.1366
2074;20040601;20240126;518;483.752;89.800;Hechingen;Baden-Württemberg;48.3752;8.98
2080;20040701;20120912;110;494.206;86.676;Heidelberg;Baden-Württemberg;49.4206;8.6676
2081;19480101;19550101;561;493.981;87.251;Königstuhl;Baden-Württemberg;49.3981;8.7251
2088;20040601;20050512;522;486.849;101.420;Heidenheim/Brenz;Baden-Württemberg;48.6849;10.142
2110;20030101;20240126;57;510.411;61.042;Heinsberg-Schleiden;Nordrhein-Westfalen;51.0411;6.1042
2115;19520501;20240126;4;541.750;78.920;Helgoland;Schleswig-Holstein;54.175;7.892
2158;19961001;20090101;350;488.042;84.430;Herrenalb,;Baden-Württemberg;48.8042;8.443
2166;19820101;19910502;344;510.167;147.500;Herrnhut;Sachsen;51.0167;14.75
2167;20050301;20120402;302;497.672;73.356;Niederwörresbach;Rheinland-Pfalz;49.7672;7.3356
2171;19510101;20240126;272;508.520;97.377;Hersfeld,;Hessen;50.852;9.7377
2174;20101101;20240126;236;516.255;103.695;Herzberg;Niedersachsen;51.6255;10.3695
2201;20050801;20240126;1;545.750;131.044;Hiddensee-Vitte;Mecklenburg-Vorpommern;54.575;13.1044
2211;20041001;20240126;295;507.370;76.525;Hilgenroth;Rheinland-Pfalz;50.737;7.6525
2244;19710101;20050901;1008;477.327;81.627;Höchenschwand;Baden-Württemberg;47.7327;8.1627
2252;20050701;20240126;271;508.992;147.456;Bertsdorf-Hörnitz;Sachsen;50.8992;14.7456
2261;19480101;20240126;565;503.123;118.760;Hof;Bayern;50.3123;11.876
2290;19470101;20240126;977;478.009;110.108;Hohenpeißenberg;Bayern;47.8009;11.0108
2303;20020101;20240126;10;543.162;95.385;Hohn;Schleswig-Holstein;54.3162;9.5385
2306;20050801;20240126;8;543.194;106.732;Hohwacht;Schleswig-Holstein;54.3194;10.6732
2315;20021101;20240126;80;517.657;131.666;Holzdorf-Bernsdorf;Brandenburg;51.7657;13.1666
2319;20050601;20240126;685;478.823;116.961;Holzkirchen;Bayern;47.8823;11.6961
2323;20060701;20240126;110;518.529;94.953;Bevern,;Niedersachsen;51.8529;9.4953
2338;20020101;20051223;39;523.333;75.500;Hopsten;Nordrhein-Westfalen;52.3333;7.55
2362;20040801;20240126;328;505.651;74.843;Hümmerich;Rheinland-Pfalz;50.5651;7.4843
2374;19490101;19740701;3;544.752;90.564;Husum;Schleswig-Holstein;54.4752;9.0564
2385;20020101;20240126;376;496.927;73.263;Idar-Oberstein;Rheinland-Pfalz;49.6927;7.3263
2410;19610102;20240126;364;487.111;115.363;Ingolstadt-Manching;Bayern;48.7111;11.5363
2423;20040301;20050702;712;476.894;100.416;Isny;Baden-Württemberg;47.6894;10.0416
2429;20020101;20240126;20;539.897;95.697;Itzehoe;Schleswig-Holstein;53.9897;9.5697
2437;20020101;20240126;21;544.570;95.203;Schleswig-Jagel;Schleswig-Holstein;54.457;9.5203
2444;19910801;20240126;155;509.251;115.830;Jena;Thüringen;50.9251;11.583
2456;20011017;20050826;7;535.322;78.806;Jever;Niedersachsen;53.5322;7.8806
2477;19710101;19760101;728;475.938;79.597;Jungholz;Baden-Württemberg;47.5938;7.9597
2480;20040901;20240126;108;500.643;89.930;Kahl/Main;Bayern;50.0643;8.993
2483;19510101;20240126;839;511.803;84.891;Kahler;Nordrhein-Westfalen;51.1803;8.4891
2485;20110502;20240126;489;489.170;96.871;Kaisersbach-Cronhütte;Baden-Württemberg;48.917;9.6871
2486;20050301;20240126;271;494.262;77.557;Kaiserslautern;Rheinland-Pfalz;49.4262;7.7557
2488;19820101;20021001;516;487.701;107.876;Kaisheim-Neuhof;Bayern;48.7701;10.7876
2494;20020101;20131020;31;517.329;62.688;Kalkar;Nordrhein-Westfalen;51.7329;6.2688
2497;20040801;20240126;505;505.014;65.264;Kall-Sistig;Nordrhein-Westfalen;50.5014;6.5264
2503;19510101;20030505;487;506.266;101.455;Kaltennordheim;Thüringen;50.6266;10.1455
2521;19820101;19940401;374;486.765;112.961;Karlshuld;Bayern;48.6765;11.2961
2522;19480101;20081031;112;490.382;83.641;Karlsruhe;Baden-Württemberg;49.0382;8.3641
2532;19480101;20131031;231;512.963;94.424;Kassel;Hessen;51.2963;9.4424
2542;19750601;20160402;716;478.652;106.007;Kaufbeuren;Bayern;47.8652;10.6007
2559;19550101;20240126;705;477.233;103.348;Kempten;Bayern;47.7233;10.3348
2564;20020101;20240126;28;543.776;101.424;Kiel-Holtenau;Schleswig-Holstein;54.3776;10.1424
2565;19490101;19881015;17;543.378;100.929;Kiel-Kronshagen;Schleswig-Holstein;54.3378;10.0929
2575;20070523;20240126;432;491.804;99.800;Kirchberg/Jagst-Herboldshausen;Baden-Württemberg;49.1804;9.98
2578;20040701;20240126;14;539.995;114.341;Kirchdorf/Poel;Mecklenburg-Vorpommern;53.9995;11.4341
2597;19480101;20240126;282;502.240;100.792;Kissingen,;Bayern;50.224;10.0792
2600;20050301;20240126;193;497.363;101.781;Kitzingen;Bayern;49.7363;10.1781
2601;19480101;20240126;822;502.218;84.469;Kleiner;Hessen;50.2218;8.4469
2618;20041001;20240126;732;508.458;104.803;Kleiner;Thüringen;50.8458;10.4803
2627;20040701;20240126;128;515.554;138.845;Schipkau-Klettwitz;Brandenburg;51.5554;13.8845
2629;20040701;20240126;46;517.612;60.954;Kleve;Nordrhein-Westfalen;51.7612;6.0954
2638;19650701;20240126;974;481.054;87.548;Klippeneck;Baden-Württemberg;48.1054;8.7548
2641;20040901;20240126;90;515.185;129.065;Klitzschen;Sachsen;51.5185;12.9065
2656;19550101;19900101;96;503.519;75.906;Koblenz;Rheinland-Pfalz;50.3519;7.5906
2667;19600101;20240126;91;508.645;71.575;Köln/Bonn;Nordrhein-Westfalen;50.8645;7.1575
2680;20050601;20240126;289;502.840;104.456;Königshofen,;Bayern;50.284;10.4456
2691;19940401;19941101;378;486.707;112.173;Königsmoos-Untermaxfeld;Bayern;48.6707;11.2173
2693;19510101;19660101;380;501.855;84.698;Königstein/Taunus;Hessen;50.1855;8.4698
2700;20041201;20240126;416;488.302;114.872;Kösching;Bayern;48.8302;11.4872
2704;20040501;20240126;76;517.511;120.094;Köthen;Sachsen-Anhalt;51.7511;12.0094
2708;20060701;20240126;742;476.652;110.805;Kohlgrub,;Bayern;47.6652;11.0805
2712;19710101;20240126;428;476.952;91.307;Konstanz;Baden-Württemberg;47.6952;9.1307
2738;19980101;19980201;776;476.448;117.438;Kreuth;Bayern;47.6448;11.7438
2750;20051101;20240126;310;502.524;113.209;Kronach;Bayern;50.2524;11.3209
2761;19750601;19780601;520;482.510;104.163;Krumbach-Edenhausen;Bayern;48.251;10.4163
2773;20020101;20240126;415;494.283;119.016;Kümmersbruck;Bayern;49.4283;11.9016
2794;19890101;20240126;40;529.362;124.093;Kyritz;Brandenburg;52.9362;12.4093
2796;20020101;20240126;41;539.156;122.790;Laage-Kronskamp;Mecklenburg-Vorpommern;53.9156;12.279
2812;19950101;20240126;156;483.647;78.280;Lahr;Baden-Württemberg;48.3647;7.828
2814;19750601;20240126;687;485.122;97.644;Merklingen;Baden-Württemberg;48.5122;9.7644
2829;19660101;20180710;617;480.772;109.144;Landsberg;Bayern;48.0772;10.9144
2856;20040701;20240126;91;519.173;130.878;Langenlipsdorf;Brandenburg;51.9173;13.0878
2878;20170801;20240126;117;513.909;118.786;Lauchstädt,;Sachsen-Anhalt;51.3909;11.8786
2886;20020101;20240126;539;482.175;99.097;Laupheim;Baden-Württemberg;48.2175;9.9097
2905;20020101;20240126;550;481.849;108.507;Lechfeld;Bayern;48.1849;10.8507
2907;19910101;20240126;7;547.903;89.514;Leck;Schleswig-Holstein;54.7903;8.9514
2920;19820101;19841101;365;487.654;125.121;Leiblfing;Bayern;48.7654;12.5121
2925;19560101;20240126;356;513.932;103.123;Leinefelde;Thüringen;51.3932;10.3123
2928;19510101;20240126;138;513.151;124.462;Leipzig-Holzhausen;Sachsen;51.3151;12.4462
2932;19720501;20240126;131;514.347;122.396;Leipzig/Halle;Sachsen;51.4347;12.2396
2947;20061001;20240126;286;511.333;80.348;Lennestadt-Theten;Nordrhein-Westfalen;51.1333;8.0348
2951;20040601;20240126;20;531.007;114.864;Lenzen/Elbe;Brandenburg;53.1007;11.4864
2953;20070401;20240126;854;478.597;82.308;Lenzkirch-Ruhbühl;Baden-Württemberg;47.8597;8.2308
2961;20020101;20240126;0;544.996;102.737;Leuchtturm;Schleswig-Holstein;54.4996;10.2737
2968;20081201;20240126;43;509.894;69.777;Köln-Stammheim;Nordrhein-Westfalen;50.9894;6.9777
2985;19910305;20240126;321;509.383;142.094;Lichtenhain-Mittelndorf;Sachsen;50.9383;14.2094
3015;19510101;20240126;98;522.085;141.180;Lindenberg;Brandenburg;52.2085;14.118
3023;19510101;20161231;22;525.181;73.081;Lingen;Niedersachsen;52.5181;7.3081
3028;19710401;20240126;157;517.854;88.388;Lippspringe,;Nordrhein-Westfalen;51.7854;8.8388
3031;20040701;20240126;92;516.336;83.945;Lippstadt-Bökenförde;Nordrhein-Westfalen;51.6336;8.3945
3032;19490101;20240126;25;550.110;84.125;List;Schleswig-Holstein;55.011;8.4125
3034;20070101;20240126;496;504.505;116.350;Lobenstein,;Thüringen;50.4505;11.635
3042;20080601;20240126;230;505.617;82.386;Löhnberg-Obershausen;Hessen;50.5617;8.2386
3044;20070701;20180601;22;527.198;77.472;Löningen;Niedersachsen;52.7198;7.7472
3083;20050101;20240126;57;519.267;138.797;Lübben-Blumenfelde;Brandenburg;51.9267;13.8797
3085;19510101;19850301;15;538.773;106.915;Lübeck;Schleswig-Holstein;53.8773;10.6915
3086;19850301;20240126;15;538.025;106.989;Lübeck-Blankensee;Schleswig-Holstein;53.8025;10.6989
3093;19541201;20240126;16;529.724;111.374;Lüchow;Niedersachsen;52.9724;11.1374
3098;19940101;20240126;387;512.452;76.425;Lüdenscheid;Nordrhein-Westfalen;51.2452;7.6425
3126;19550101;20240126;79;521.029;115.827;Magdeburg;Sachsen-Anhalt;52.1029;11.5827
3137;20080501;20230801;195;499.656;82.139;Mainz-Lerchenberg;Rheinland-Pfalz;49.9656;8.2139
3139;19831101;20050101;509;482.166;112.965;Maisach-Gernlinden;Bayern;48.2166;11.2965
3145;19981201;20080901;30;541.800;105.528;Malente,;Schleswig-Holstein;54.18;10.5528
3147;19850101;20240126;390;487.548;122.118;Mallersdorf-Pfaffenberg-Oberlindhart;Bayern;48.7548;12.2118
3155;20040801;20240126;413;501.015;68.009;Manderscheid-Sonnenhof;Rheinland-Pfalz;50.1015;6.8009
3158;19890101;20240126;12;525.468;145.453;Manschnow;Brandenburg;52.5468;14.5453
3164;20060701;20240126;187;508.492;87.745;Cölbe,;Hessen;50.8492;8.7745
3166;19820101;20240126;639;506.511;131.469;Marienberg;Sachsen;50.6511;13.1469
3167;19621201;20240126;547;506.621;79.603;Marienberg,;Rheinland-Pfalz;50.6621;7.9603
3170;20020101;20121221;9;544.937;112.411;Marienleuchte;Schleswig-Holstein;54.4937;11.2411
3181;20210801;20240126;360;494.875;106.277;Markt;Bayern;49.4875;10.6277
3196;19810101;20240126;81;533.222;119.321;Marnitz;Mecklenburg-Vorpommern;53.3222;11.9321
3204;20080701;20240126;429;507.335;108.815;Martinroda;Thüringen;50.7335;10.8815
3226;20060801;20240126;107;517.259;115.109;Aschersleben-Mehringen;Sachsen-Anhalt;51.7259;11.5109
3231;19790101;20240126;450;505.611;103.771;Meiningen;Thüringen;50.5611;10.3771
3234;20050201;20240126;158;511.294;134.328;Klipphausen-Garsebach;Sachsen;51.1294;13.4328
3244;19750601;20240126;614;479.821;101.384;Memmingen;Bayern;47.9821;10.1384
3245;20020102;20021120;630;479.833;102.333;Memmingen;Bayern;47.9833;10.2333
3246;20020101;20070613;181;503.667;73.167;Mendig;Rheinland-Pfalz;50.3667;7.3167
3254;20020102;20240126;19;527.155;73.176;Meppen;Niedersachsen;52.7155;7.3176
3257;20040601;20221001;251;494.773;97.622;Mergentheim,;Baden-Württemberg;49.4773;9.7622
3268;20021101;20240126;900;481.694;89.433;Meßstetten-Appental;Baden-Württemberg;48.1694;8.9433
3271;20041101;20240126;314;488.548;129.189;Metten;Bayern;48.8548;12.9189
3274;19921001;19941001;415;495.070;65.215;Mettlach-Orscholz;Saarland;49.507;6.5215
3278;20090401;20240126;354;485.377;92.734;Metzingen;Baden-Württemberg;48.5377;9.2734
3284;20050501;20240126;240;496.692;90.085;Michelstadt;Hessen;49.6692;9.0085
3287;19871001;20240126;453;497.177;90.997;Michelstadt-Vielbrunn;Hessen;49.7177;9.0997
3289;20041101;20240126;356;507.281;117.838;Schmieritz-Weltwitz;Thüringen;50.7281;11.7838
3307;20080401;20230102;984;474.779;112.653;Mittenwald-Buckelwiesen;Bayern;47.4779;11.2653
3319;20060901;20240126;239;497.644;92.530;Röllbach;Bayern;49.7644;9.253
3321;20230501;20240126;76;511.313;63.608;Mönchengladbach-Hilderath;Nordrhein-Westfalen;51.1313;6.3608
3340;20050501;20220329;265;504.383;78.061;Montabaur;Rheinland-Pfalz;50.4383;7.8061
3348;20040601;20240126;241;517.209;98.351;Moringen-Lutterbeck;Niedersachsen;51.7209;9.8351
3362;20020101;20240126;243;489.721;88.735;Mühlacker;Baden-Württemberg;48.9721;8.8735
3366;19550101;20240126;406;482.790;125.024;Mühldorf;Bayern;48.279;12.5024
3376;19910101;20240126;63;525.176;141.232;Müncheberg;Brandenburg;52.5176;14.1232
3379;19970701;20240126;515;481.632;115.429;München-Stadt;Bayern;48.1632;11.5429
3382;19480101;19540101;521;481.441;116.000;München-Bogenhausen;Bayern;48.1441;11.6
3385;19820101;19990331;515;481.660;115.011;München-Nymphenburg;Bayern;48.166;11.5011
3390;19490101;19920517;529;481.369;117.094;München-Riem;Bayern;48.1369;11.7094
3402;20021101;20240126;755;483.851;94.837;Münsingen-Apfelstetten;Baden-Württemberg;48.3851;9.4837
3404;19480101;19891001;62;519.494;75.906;Münster;Nordrhein-Westfalen;51.9494;7.5906
3426;20040601;20240126;127;515.660;147.008;Muskau,;Sachsen;51.566;14.7008
3442;20041001;20240126;149;503.574;87.506;Nauheim,;Hessen;50.3574;8.7506
3478;19760701;20050818;81;535.468;131.914;Neubrandenburg;Mecklenburg-Vorpommern;53.5468;13.1914
3484;20020101;20240126;380;487.085;112.147;Neuburg;Bayern;48.7085;11.2147
3485;20050501;20240126;486;483.115;103.773;Neuburg/Kammel-Langenhaslach;Bayern;48.3115;10.3773
3490;20040901;20240126;111;505.346;70.853;Neuenahr,;Rheinland-Pfalz;50.5346;7.0853
3509;20041001;20240126;78;531.020;130.421;Stechlin-Menz;Brandenburg;53.102;13.0421
3513;19890501;20240126;845;505.003;111.345;Neuhaus;Thüringen;50.5003;11.1345
3527;20040501;20240126;500;508.923;94.050;Neukirchen-Hauptschwenda;Hessen;50.8923;9.405
3540;20041101;20240126;195;508.446;73.720;Neunkirchen-Seelscheid-Krawinkel;Nordrhein-Westfalen;50.8446;7.372
3545;20050301;20240126;236;493.440;72.297;Neunkirchen-Wellesweiler;Saarland;49.344;7.2297
3552;19730101;20190408;38;529.037;128.071;Neuruppin;Brandenburg;52.9037;12.8071
3571;20080301;20240126;452;498.174;118.638;Neustadt;Bayern;49.8174;11.8638
3575;19540101;19830101;163;493.570;81.405;Neustadt/Weinstraße;Rheinland-Pfalz;49.357;8.1405
3577;19510101;19760701;64;533.585;130.502;Neustrelitz;Mecklenburg-Vorpommern;53.3585;13.0502
3591;20040601;20240126;350;506.743;64.240;Nideggen-Schmidt;Nordrhein-Westfalen;50.6743;6.424
3603;20020101;20240126;459;493.895;99.666;Niederstetten;Baden-Württemberg;49.3895;9.9666
3605;19750601;19780601;451;485.334;102.427;Niederstotzingen;Baden-Württemberg;48.5334;10.2427
3612;20070401;20240126;25;526.711;92.229;Nienburg;Niedersachsen;52.6711;9.2229
3621;20060101;20240126;435;488.253;105.067;Reimlingen;Bayern;48.8253;10.5067
3623;20020101;20240126;110;508.294;66.601;Nörvenich-Niederbolheim;Nordrhein-Westfalen;50.8294;6.6601
3631;19490101;20240126;12;537.123;71.519;Norderney;Niedersachsen;53.7123;7.1519
3639;20020101;20240126;26;537.647;86.584;Nordholz-Wanhöden;Niedersachsen;53.7647;8.6584
3659;19510101;19950327;627;503.391;69.501;Nürburg;Rheinland-Pfalz;50.3391;6.9501
3660;19950302;20240126;485;503.602;68.697;Nürburg-Barweiler;Rheinland-Pfalz;50.3602;6.8697
3667;20050301;20240126;369;494.258;112.539;Nürnberg-Netzstall;Bayern;49.4258;11.2539
3668;19510101;20240126;314;495.030;110.549;Nürnberg;Bayern;49.503;11.0549
3671;19790101;19810401;280;486.321;93.261;Nürtingen;Baden-Württemberg;48.6321;9.3261
3679;20061101;20240126;518;476.187;121.665;Kiefersfelden-Gach;Bayern;47.6187;12.1665
3702;20030101;20061231;515;478.780;78.288;Münstertal-Obermünstertal;Baden-Württemberg;47.878;7.8288
3730;19480101;20240126;806;473.984;102.759;Oberstdorf;Bayern;47.3984;10.2759
3734;20040701;20240126;232;491.280;93.525;Obersulm-Willsbach;Baden-Württemberg;49.128;9.3525
3739;20050301;20240126;596;494.521;124.365;Oberviechtach;Bayern;49.4521;12.4365
3761;19550101;20240126;276;492.070;95.176;Öhringen;Baden-Württemberg;49.207;9.5176
3791;19910101;20121001;11;531.763;81.824;Oldenburg;Niedersachsen;53.1763;8.1824
3811;19820701;20240126;150;512.960;130.928;Oschatz;Sachsen;51.296;13.0928
3815;19510101;20101130;95;522.553;80.534;Osnabrück;Niedersachsen;52.2553;8.0534
3821;19840801;20240126;244;510.872;119.293;Osterfeld;Sachsen-Anhalt;51.0872;11.9293
3836;20060301;20240126;314;504.538;102.211;Ostheim;Bayern;50.4538;10.2211
3857;20050101;20240126;886;476.362;103.892;Oy-Mittelberg-Petersthal;Bayern;47.6362;10.3892
3875;20050101;20240126;549;491.510;116.896;Parsberg/Oberpfalz-Eglwang;Bayern;49.151;11.6896
3879;19480101;19970101;409;485.779;134.694;Passau-Oberhaus;Bayern;48.5779;13.4694
3897;20020101;20240126;2;540.893;108.773;Pelzerhaken;Schleswig-Holstein;54.0893;10.8773
3904;20040901;20240126;152;495.354;63.789;Perl-Nennig;Saarland;49.5354;6.3789
3925;20050901;20240126;332;489.329;86.973;Pforzheim-Ispringen;Baden-Württemberg;48.9329;8.6973
3927;20040701;20240126;630;479.345;92.869;Pfullendorf;Baden-Württemberg;47.9345;9.2869
3939;20041001;20240126;385;491.912;75.879;Pirmasens;Rheinland-Pfalz;49.1912;7.5879
3946;19510101;20240126;387;504.818;121.300;Plauen;Sachsen;50.4818;12.13
3975;20050301;20240126;522;494.777;115.357;Pommelsbrunn-Mittelburg;Bayern;49.4777;11.5357
3987;18930101;20240126;81;523.812;130.622;Potsdam;Brandenburg;52.3812;13.0622
4018;19820101;19830901;550;481.877;112.206;Puch;Bayern;48.1877;11.2206
4024;19820101;20240126;40;543.643;134.771;Putbus;Mecklenburg-Vorpommern;54.3643;13.4771
4032;20061201;20240126;142;517.953;111.320;Quedlinburg;Sachsen-Anhalt;51.7953;11.132
4036;20070301;20240126;204;513.895;115.412;Querfurt-Mühle;Sachsen-Anhalt;51.3895;11.5412
4039;19880111;20240126;11;537.331;98.776;Quickborn;Schleswig-Holstein;53.7331;9.8776
4063;20030701;20240126;41;524.461;85.906;Rahden-Kleinendorf;Nordrhein-Westfalen;52.4461;8.5906
4094;20040601;20240126;441;478.062;96.206;Weingarten,;Baden-Württemberg;47.8062;9.6206
4104;19480101;20240126;365;490.425;121.019;Regensburg;Bayern;49.0425;12.1019
4127;20050101;20240126;347;509.906;76.958;Reichshof-Eckenhagen;Nordrhein-Westfalen;50.9906;7.6958
4154;20110201;20180630;345;511.800;72.505;Remscheid-Lennep;Nordrhein-Westfalen;51.18;7.2505
4160;20040701;20240126;478;487.425;89.240;Renningen-Ihinger;Baden-Württemberg;48.7425;8.924
4169;20021101;20240126;131;486.703;79.939;Rheinau-Memprechtshofen;Baden-Württemberg;48.6703;7.9939
4174;20020101;20171220;40;522.887;73.866;Rheine-Bentlage;Nordrhein-Westfalen;52.2887;7.3866
4175;20040601;20240126;283;475.590;77.721;Rheinfelden;Baden-Württemberg;47.559;7.7721
4177;20081101;20240126;116;489.726;83.301;Rheinstetten;Baden-Württemberg;48.9726;8.3301
4189;20040801;20240126;534;481.479;94.596;Altheim,;Baden-Württemberg;48.1479;9.4596
4261;20060301;20240126;442;478.753;121.280;Rosenheim;Bayern;47.8753;12.128
4271;19470101;20240126;5;541.803;120.808;Rostock-Warnemünde;Mecklenburg-Vorpommern;54.1803;12.0808
4275;20041201;20240126;32;531.289;93.398;Rotenburg;Niedersachsen;53.1289;9.3398
4280;20020101;20240126;386;492.162;111.035;Roth;Bayern;49.2162;11.1035
4287;20050101;20240126;415;493.849;101.732;Rothenburg;Bayern;49.3849;10.1732
4294;19820101;19970101;360;484.704;89.687;Rottenburg-Kiebingen;Baden-Württemberg;48.4704;8.9687
4300;20040701;20240126;589;481.815;86.356;Rottweil;Baden-Württemberg;48.1815;8.6356
4301;20050301;20240126;102;498.502;78.710;Kreuznach,;Rheinland-Pfalz;49.8502;7.871
4323;20050301;20240126;461;496.468;78.837;Ruppertsecken;Rheinland-Pfalz;49.6468;7.8837
4336;19620501;20240126;319;492.128;71.077;Saarbrücken-Ensheim;Saarland;49.2128;7.1077
4339;19560101;19710101;193;492.231;70.168;Saarbrücken-Sankt;Saarland;49.2231;7.0168
4347;20001101;20030708;293;515.909;105.691;Sachsa,;Niedersachsen;51.5909;10.5691
4349;20040601;20240126;251;489.569;90.711;Sachsenheim;Baden-Württemberg;48.9569;9.0711
4350;19710101;20081229;339;475.619;79.399;Säckingen,;Baden-Württemberg;47.5619;7.9399
4354;20060101;20240126;457;487.832;133.146;Saldenburg-Entschenreuth;Bayern;48.7832;13.3146
4371;19500101;20240126;135;521.042;87.521;Salzuflen,;Nordrhein-Westfalen;52.1042;8.7521
4373;19520101;19720101;29;528.568;111.319;Salzwedel;Sachsen-Anhalt;52.8568;11.1319
4377;20050901;20240126;518;503.518;100.034;Sandberg;Bayern;50.3518;10.0034
4393;19991201;20240126;5;543.279;86.031;Sankt;Schleswig-Holstein;54.3279;8.6031
4411;20020124;20240126;155;499.195;89.672;Schaafheim-Schlierbach;Hessen;49.9195;8.9672
4445;19891001;20240126;609;517.658;106.533;Wernigerode-Schierke;Sachsen-Anhalt;51.7658;10.6533
4464;19890801;20240126;501;505.679;118.041;Schleiz;Thüringen;50.5679;11.8041
4466;19510101;20240126;43;545.275;95.487;Schleswig;Schleswig-Holstein;54.5275;9.5487
4477;20050531;20100501;993;478.208;81.860;Schluchsee;Baden-Württemberg;47.8208;8.186
4480;20040901;20240126;230;503.447;95.533;Schlüchtern-Herolz;Hessen;50.3447;9.5533
4485;20050201;20170301;296;507.250;104.539;Schmalkalden,;Thüringen;50.725;10.4539
4501;19780701;20240126;938;506.545;107.696;Schmücke;Thüringen;50.6545;10.7696
4508;20040801;20240126;649;502.968;64.194;Schneifelforsthaus;Rheinland-Pfalz;50.2968;6.4194
4517;19961001;20081201;635;487.859;86.451;Schömberg,;Baden-Württemberg;48.7859;8.6451
4548;20070701;20240126;608;501.847;120.791;Schönwald/Ofr.-Brunn;Bayern;50.1847;12.0791
4559;20050501;20240126;398;491.644;126.175;Schorndorf-Knöbling;Bayern;49.1644;12.6175
4560;20050201;20220102;265;504.925;91.226;Schotten;Hessen;50.4925;9.1226
4584;19680401;19700401;444;483.667;118.000;Schwaigermoos;Bayern;48.3667;11.8
4592;20051201;20240126;356;493.278;120.871;Schwandorf;Bayern;49.3278;12.0871
4605;20041101;20240126;277;506.441;111.936;Schwarzburg;Thüringen;50.6441;11.1936
4625;19500101;20240126;59;536.424;113.871;Schwerin;Mecklenburg-Vorpommern;53.6424;11.3871
4629;19930401;19991201;37;545.166;91.420;Schwesing;Schleswig-Holstein;54.5166;9.142
4642;19761001;20240126;21;528.911;117.297;Seehausen;Sachsen-Anhalt;52.8911;11.7297
4651;20041101;20240126;189;519.040;101.885;Seesen;Niedersachsen;51.904;10.1885
4665;19690101;19750514;431;495.281;70.417;Selbach;Saarland;49.5281;7.0417
4692;20080301;20181130;229;508.534;79.966;Siegen;Nordrhein-Westfalen;50.8534;7.9966
4702;20021103;20071115;645;481.000;92.500;Sigmaringen;Baden-Württemberg;48.1;9.25
4703;20021101;20240126;581;480.719;91.943;Sigmaringen-Laiz;Baden-Württemberg;48.0719;9.1943
4704;20050501;20240126;508;475.776;97.404;Sigmarszell-Zeisertsweiler;Bayern;47.5776;9.7404
4706;20050301;20240126;358;482.718;130.273;Simbach/Inn;Bayern;48.2718;13.0273
4709;20111101;20240126;445;499.996;75.981;Simmern-Wahlbach;Rheinland-Pfalz;49.9996;7.5981
4719;20020101;20070828;169;492.447;88.787;Sinsheim;Baden-Württemberg;49.2447;8.8787
4745;19660101;20240126;75;529.604;97.930;Soltau;Niedersachsen;52.9604;9.793
4748;20041101;20240126;185;513.691;108.800;Sondershausen;Thüringen;51.3691;10.88
4752;19510101;20080701;626;503.746;111.828;Sonneberg-Neufang;Thüringen;50.3746;11.1828
4763;20041001;20240126;265;510.607;99.266;Sontra;Hessen;51.0607;9.9266
4813;20200801;20240126;318;500.806;110.467;Staffelstein,;Bayern;50.0806;11.0467
4841;20040701;20240126;0;536.946;88.735;Steinau,;Niedersachsen;53.6946;8.8735
4857;20040901;20240126;2;535.534;96.097;Mittelnkirchen-Hohenfelde;Niedersachsen;53.5534;9.6097
4878;20050201;20240126;504;516.646;108.811;Oberharz;Sachsen-Anhalt;51.6646;10.8811
4887;19480101;20240126;734;486.656;98.648;Stötten;Baden-Württemberg;48.6656;9.8648
4896;20050701;20221130;40;546.654;98.050;Wagersrott;Schleswig-Holstein;54.6654;9.805
4911;19940501;20240126;351;488.275;125.597;Straubing;Bayern;48.8275;12.5597
4926;19790401;20130514;224;487.896;92.167;Stuttgart;Baden-Württemberg;48.7896;9.2167
4927;19760101;19840801;286;487.693;91.814;Stuttgart-Stadt;Baden-Württemberg;48.7693;9.1814
4928;19770701;20240126;314;488.281;92.000;Stuttgart;Baden-Württemberg;48.8281;9.2
4931;19880101;20240126;371;486.883;92.235;Stuttgart-Echterdingen;Baden-Württemberg;48.6883;9.2235
4933;19510101;19760101;401;487.091;92.147;Stuttgart-Hohenheim;Baden-Württemberg;48.7091;9.2147
4978;20021101;20240126;395;506.390;100.228;Tann/Rhön;Hessen;50.639;10.0228
4997;20050301;20240126;196;509.771;123.419;Starkenberg-Tegkwitz;Thüringen;50.9771;12.3419
5009;19730101;20240126;33;537.610;125.574;Teterow;Mecklenburg-Vorpommern;53.761;12.5574
5014;20040701;20240126;7;532.758;89.857;Worpswede-Hüttenbusch;Niedersachsen;53.2758;8.9857
5017;20051101;20240126;633;504.002;113.888;Teuschnitz;Bayern;50.4002;11.3888
5029;19750515;20240126;387;494.737;70.385;Tholey;Saarland;49.4737;7.0385
5046;20080301;20240126;501;498.576;123.542;Tirschenreuth-Lodermühl;Bayern;49.8576;12.3542
5049;19981106;20080501;846;478.991;81.460;Titisee-Neustadt-Titisee;Baden-Württemberg;47.8991;8.146
5064;20041201;20240126;37;512.897;64.437;Tönisvorst;Nordrhein-Westfalen;51.2897;6.4437
5068;19530101;19710101;80;515.833;130.000;Torgau;Sachsen;51.5833;13
5097;20050101;20240126;10;540.654;127.655;Tribsees;Mecklenburg-Vorpommern;54.0654;12.7655
5099;20080601;20240126;132;497.326;66.131;Trier-Zewen;Rheinland-Pfalz;49.7326;6.6131
5100;19410101;20240126;261;497.479;66.583;Trier-Petrisberg;Rheinland-Pfalz;49.7479;6.6583
5109;20020101;20240126;68;535.998;133.039;Trollenhagen;Mecklenburg-Vorpommern;53.5998;13.3039
5111;20060401;20240126;560;480.311;125.396;Trostberg;Bayern;48.0311;12.5396
5133;20040901;20240126;295;513.344;89.132;Twistetal-Mühlhausen;Hessen;51.3344;8.9132
5142;19510101;20240126;1;537.445;140.698;Ueckermünde;Mecklenburg-Vorpommern;53.7445;14.0698
5146;20040601;20240126;50;529.414;105.289;Uelzen;Niedersachsen;52.9414;10.5289
5149;20050101;20221004;318;495.679;101.969;Gollhofen;Bayern;49.5679;10.1969
5155;19480101;20140901;567;483.837;99.524;Ulm;Baden-Württemberg;48.3837;9.9524
5158;19890101;20240126;159;521.601;111.759;Ummendorf;Sachsen-Anhalt;52.1601;11.1759
5229;20040801;20240126;719;480.453;84.608;Villingen-Schwenningen;Baden-Württemberg;48.0453;8.4608
5275;20040601;20240126;105;492.445;85.374;Waghäusel-Kirrlach;Baden-Württemberg;49.2445;8.5374
5277;20020101;20090630;349;508.119;91.280;Wahlen;Hessen;50.8119;9.128
5279;20040901;20240126;176;516.194;95.749;Wesertal-Lippoldsberg;Hessen;51.6194;9.5749
5280;20070301;20240126;33;539.224;102.267;Wittenborn;Schleswig-Holstein;53.9224;10.2267
5282;19410101;19710101;246;511.197;136.744;Wahnsdorf;Sachsen;51.1197;13.6744
5300;20040701;20240126;380;502.596;83.607;Waldems-Reinborn;Hessen;50.2596;8.3607
5335;20060801;20240126;352;508.963;105.483;Waltershausen;Thüringen;50.8963;10.5483
5347;20010402;20240126;236;515.039;91.118;Warburg;Nordrhein-Westfalen;51.5039;9.1118
5349;19810101;20240126;73;535.196;126.654;Waren;Mecklenburg-Vorpommern;53.5196;12.6654
5371;19480101;20240126;920;504.973;99.427;Wasserkuppe;Hessen;50.4973;9.9427
5397;19510101;20240126;440;496.662;121.844;Weiden;Bayern;49.6662;12.1844
5404;19750101;20240126;477;484.024;116.946;Weihenstephan-Dürnast;Bayern;48.4024;11.6946
5419;19510101;20070630;264;509.751;113.076;Weimar;Thüringen;50.9751;11.3076
5424;20070601;20240126;328;510.177;113.544;Weimar-Schöndorf;Thüringen;51.0177;11.3544
5426;19540101;20240126;553;493.758;81.212;Weinbiet;Rheinland-Pfalz;49.3758;8.1212
5431;19730101;19761001;24;530.333;118.000;Weisen;Sachsen-Anhalt;53.0333;11.8
5433;20040901;20240126;380;495.534;68.120;Weiskirchen/Saar;Saarland;49.5534;6.812
5440;19550101;20240126;439;490.115;109.308;Weißenburg-Emetzheim;Bayern;49.0115;10.9308
5467;19560701;20120921;1832;477.035;120.119;Wendelstein;Bayern;47.7035;12.0119
5480;20030910;20240126;85;515.763;78.879;Werl;Nordrhein-Westfalen;51.5763;7.8879
5490;19510101;20240126;233;518.454;107.686;Wernigerode;Sachsen-Anhalt;51.8454;10.7686
5516;19960531;20240126;3;545.283;110.606;Fehmarn;Schleswig-Holstein;54.5283;11.0606
5538;20050101;20240126;551;478.827;111.576;Wielenbach;Bayern;47.8827;11.1576
5541;20040801;20240126;263;501.321;83.169;Wiesbaden-Auringen;Hessen;50.1321;8.3169
5546;19860701;20240126;187;521.206;124.586;Wiesenburg;Brandenburg;52.1206;12.4586
5562;20040601;20240126;571;486.516;86.801;Neubulach-Oberhaugstett;Baden-Württemberg;48.6516;8.6801
5629;19510101;20240126;105;518.891;126.446;Wittenberg;Sachsen-Anhalt;51.8891;12.6446
5640;20020101;20240126;10;535.503;76.672;Wittmundhafen;Niedersachsen;53.5503;7.6672
5643;20041101;20240126;68;531.864;124.949;Wittstock-Rote;Brandenburg;53.1864;12.4949
5663;19820101;19960101;118;534.618;136.099;Woldegk;Mecklenburg-Vorpommern;53.4618;13.6099
5664;20040701;20240126;296;482.953;82.391;Wolfach;Baden-Württemberg;48.2953;8.2391
5665;19900101;20100501;677;478.180;97.970;Wolfegg;Baden-Württemberg;47.818;9.797
5676;20100901;20240102;82;523.962;106.892;Wolfsburg;Niedersachsen;52.3962;10.6892
5688;20181101;20240126;881;477.004;81.057;Dachsberg-Wolpadingen;Baden-Württemberg;47.7004;8.1057
5692;20040901;20240126;88;496.051;83.659;Worms;Rheinland-Pfalz;49.6051;8.3659
5705;19480101;20240126;268;497.704;99.576;Würzburg;Bayern;49.7704;9.9576
5715;20020101;20240126;49;524.626;94.245;Wunstorf;Niedersachsen;52.4626;9.4245
5717;20060901;20240126;134;512.256;71.052;Wuppertal-Buchenhofen;Nordrhein-Westfalen;51.2256;7.1052
5719;20041001;20091210;235;512.051;72.000;Remscheid;Nordrhein-Westfalen;51.2051;7.2
5731;20040801;20240126;395;476.783;83.801;Wutöschingen-Ofteringen;Baden-Württemberg;47.6783;8.3801
5732;19510101;19710101;9;546.928;85.271;Wrixum/Föhr;Schleswig-Holstein;54.6928;8.5271
5745;19810101;20240126;51;529.664;133.268;Zehdenick;Brandenburg;52.9664;13.3268
5750;20060301;20240126;264;510.314;121.495;Zeitz;Sachsen-Anhalt;51.0314;12.1495
5779;19710101;20240126;877;507.313;137.516;Zinnwald-Georgenfeld;Sachsen;50.7313;13.7516
5792;19500101;20240126;2956;474.210;109.848;Zugspitze;Bayern;47.421;10.9848
5797;20051201;20240126;349;506.879;124.329;Lichtentanne;Sachsen;50.6879;12.4329
5800;20020101;20240126;615;490.280;132.385;Zwiesel;Bayern;49.028;13.2385
5802;19480101;20031001;615;490.007;132.137;Zwieselberg;Bayern;49.0007;13.2137
5822;20040701;20240126;42;528.630;86.989;Bassum;Niedersachsen;52.863;8.6989
5825;20040501;20240126;40;526.198;127.867;Berge;Brandenburg;52.6198;12.7867
5832;19510101;19541201;50;531.007;110.455;Dannenberg;Niedersachsen;53.1007;11.0455
5839;19970701;20240126;0;533.881;72.287;Emden;Niedersachsen;53.3881;7.2287
5856;19970103;20240126;476;485.451;133.532;Fürstenzell;Bayern;48.5451;13.3532
5871;19970701;20240126;497;499.463;72.645;Hahn;Rheinland-Pfalz;49.9463;7.2645
5906;19480101;20240126;98;495.063;85.584;Mannheim;Baden-Württemberg;49.5063;8.5584
5930;19910101;20240126;1;546.410;100.238;Schönhagen;Schleswig-Holstein;54.641;10.0238
5941;20070301;20240126;686;476.754;124.698;Reit;Bayern;47.6754;12.4698
6093;20040501;20240126;62;532.139;104.704;Wendisch;Niedersachsen;53.2139;10.4704
6105;20040501;20240126;15;543.194;98.051;Ostenfeld;Schleswig-Holstein;54.3194;9.8051
6109;20040901;20240126;52;533.837;143.728;Grambow-Schwennenz;Mecklenburg-Vorpommern;53.3837;14.3728
6129;20041101;20240126;291;510.594;144.266;Sohland/Spree;Sachsen;51.0594;14.4266
6157;20071001;20240126;4;536.411;80.809;Wangerland-Hooksiel;Niedersachsen;53.6411;8.0809
6158;20041101;20240126;454;492.249;106.085;Weidenbach-Weiherschneidbach;Bayern;49.2249;10.6085
6159;20081201;20240126;8;529.542;73.197;Dörpen;Niedersachsen;52.9542;7.3197
6163;20010401;20240126;27;541.654;103.519;Dörnick;Schleswig-Holstein;54.1654;10.3519
6170;20040601;20240126;39;520.192;147.254;Coschen;Brandenburg;52.0192;14.7254
6182;20000401;20120327;404;487.757;121.743;Mallersdorf-Pfaffenberg;Bayern;48.7757;12.1743
6184;20020101;20090615;6;535.333;81.667;Wilhelmshaven;Niedersachsen;53.5333;8.1667
6186;20040801;20190527;268;501.989;78.651;Nastätten;Rheinland-Pfalz;50.1989;7.8651
6192;19990801;20081101;115;498.083;78.458;Münster;Rheinland-Pfalz;49.8083;7.8458
6197;20020101;20240126;258;518.664;92.710;Lügde-Paenbruch;Nordrhein-Westfalen;51.8664;9.271
6199;20041001;20240126;17;542.484;130.419;Steinhagen-Negast;Mecklenburg-Vorpommern;54.2484;13.0419
6217;20041001;20240126;190;492.406;69.351;Saarbrücken-Burbach;Saarland;49.2406;6.9351
6242;20020107;20210701;64;504.088;74.890;Mülheim-Kärlich;Rheinland-Pfalz;50.4088;7.489
6243;20020101;20240126;96;492.506;84.422;Philippsburg;Baden-Württemberg;49.2506;8.4422
6244;20020101;20240126;145;493.650;90.804;Obrigheim;Baden-Württemberg;49.365;9.0804
6245;20020101;20240126;180;490.423;91.733;Neckarwestheim;Baden-Württemberg;49.0423;9.1733
6246;20020103;20240126;368;476.213;82.167;Waldshut;Baden-Württemberg;47.6213;8.2167
6247;20020101;20240126;307;476.078;81.813;Dogern;Baden-Württemberg;47.6078;8.1813
6254;20020101;20070702;19;535.408;99.528;Hamburg-Lotsenhöft;Hamburg;53.5408;9.9528
6255;20020107;20181231;351;494.667;63.968;Perl/Saar;Saarland;49.4667;6.3968
6256;20020101;20240126;201;479.100;75.838;Bremgarten;Baden-Württemberg;47.91;7.5838
6258;20030101;20240126;461;476.845;94.409;Friedrichshafen-Unterraderach;Baden-Württemberg;47.6845;9.4409
6259;20040601;20240126;524;490.210;96.033;Großerlach-Mannenweiler;Baden-Württemberg;49.021;9.6033
6260;20021201;20240126;385;493.328;97.040;Ingelfingen-Stachenhausen;Baden-Württemberg;49.3328;9.704
6262;20021101;20240126;412;487.695;98.737;Schwäbisch;Baden-Württemberg;48.7695;9.8737
6263;20040701;20240126;445;477.738;88.219;Singen;Baden-Württemberg;47.7738;8.8219
6264;20040601;20240126;457;514.140;86.500;Brilon-Thülen;Nordrhein-Westfalen;51.414;8.65
6265;20040501;20240126;36;523.613;123.867;Wusterwitz;Brandenburg;52.3613;12.3867
6266;20040901;20240126;112;520.304;109.626;Huy-Pabstorf;Sachsen-Anhalt;52.0304;10.9626
6272;20041001;20240126;284;508.426;102.518;Salzungen,;Thüringen;50.8426;10.2518
6273;20040601;20240126;36;525.075;118.551;Demker;Sachsen-Anhalt;52.5075;11.8551
6275;20040701;20240126;327;486.705;94.627;Notzingen;Baden-Württemberg;48.6705;9.4627
6305;20041201;20240126;193;512.061;104.978;Mühlhausen/Thüringen-Görmar;Thüringen;51.2061;10.4978
6310;20040801;20240126;1;541.049;138.239;Karlshagen;Mecklenburg-Vorpommern;54.1049;13.8239
6312;20041101;20200930;362;495.314;106.418;Markt;Bayern;49.5314;10.6418
6314;20050801;20240126;306;510.507;133.003;Nossen;Sachsen;51.0507;13.3003
6336;20051101;20240126;288;500.132;96.540;Lohr/Main-Halsbach;Bayern;50.0132;9.654
6337;20040801;20240126;59;517.663;75.194;Lüdinghausen-Brochtrup;Nordrhein-Westfalen;51.7663;7.5194
6344;20041201;20240126;168;503.940;81.423;Runkel-Ennerich;Hessen;50.394;8.1423
6346;20050201;20240126;531;482.070;112.035;Maisach-Galgen;Bayern;48.207;11.2035
6347;20050301;20240126;305;500.579;102.972;Schonungen-Mainberg;Bayern;50.0579;10.2972
7075;20050201;20240126;429;487.020;118.493;Elsendorf-Horneck;Bayern;48.702;11.8493
7099;20041101;20211004;187;520.111;103.966;Liebenburg-Othfresen;Niedersachsen;52.0111;10.3966
7105;20050601;20240126;719;478.350;126.548;Siegsdorf-Höll;Bayern;47.835;12.6548
7106;20060901;20240126;105;520.714;84.565;Bielefeld-Deppendorf;Nordrhein-Westfalen;52.0714;8.4565
7135;19750601;19960701;565;479.655;96.804;Aulendorf-Haslach;Baden-Württemberg;47.9655;9.6804
7187;20041201;20240126;194;497.636;94.063;Freudenberg/Main-Boxtal;Baden-Württemberg;49.7636;9.4063
7244;19810101;20040930;62;531.424;130.319;Neuglobsow;Brandenburg;53.1424;13.0319
7298;20050701;20240126;4;545.268;90.425;Hattstedt;Schleswig-Holstein;54.5268;9.0425
7319;20050301;20240126;435;487.374;107.393;Donauwörth-Osterweiler;Bayern;48.7374;10.7393
7321;20050901;20240126;160;511.507;113.321;Olbersleben;Thüringen;51.1507;11.3321
7329;20051101;20240126;465;505.467;122.863;Treuen;Sachsen;50.5467;12.2863
7330;20051001;20240126;159;514.633;79.780;Arnsberg-Neheim;Nordrhein-Westfalen;51.4633;7.978
7331;20050901;20240126;467;486.099;102.674;Hermaringen-Allewind;Baden-Württemberg;48.6099;10.2674
7341;20050716;20240126;119;500.900;87.862;Offenbach-Wetterpark;Hessen;50.09;8.7862
7343;20060401;20240126;689;506.200;134.817;Deutschneudorf-Brüderwiese;Sachsen;50.62;13.4817
7350;20060801;20240126;585;491.088;128.231;Prackenbach-Neuhäusl;Bayern;49.1088;12.8231
7351;20050908;20240126;115;533.176;134.175;Feldberg/Mecklenburg;Mecklenburg-Vorpommern;53.3176;13.4175
7364;20070101;20240126;74;516.818;123.053;Jeßnitz;Sachsen-Anhalt;51.6818;12.3053
7367;20071201;20240126;144;519.643;98.072;Alfeld;Niedersachsen;51.9643;9.8072
7368;20071101;20240126;312;510.007;103.621;Eisenach;Thüringen;51.0007;10.3621
7369;20071101;20240126;475;491.623;103.661;Feuchtwangen-Heilbronn;Bayern;49.1623;10.3661
7370;20061211;20240126;499;493.910;126.838;Waldmünchen;Bayern;49.391;12.6838
7373;20060301;20240126;3;535.984;67.024;Borkum-Flugplatz;Niedersachsen;53.5984;6.7024
7374;20060301;20240126;46;520.813;69.409;Ahaus;Nordrhein-Westfalen;52.0813;6.9409
7389;20061201;20240126;83;527.461;138.427;Heckelberg;Brandenburg;52.7461;13.8427
7393;20100101;20240126;116;514.492;142.533;Hoyerswerda;Sachsen;51.4492;14.2533
7394;20060601;20240126;622;500.315;119.745;Wunsiedel-Schönbrunn;Bayern;50.0315;11.9745
7395;20071201;20240126;351;486.595;125.388;Gottfrieding;Bayern;48.6595;12.5388
7396;20080501;20240126;740;505.084;92.246;Hoherodskopf/Vogelsberg;Hessen;50.5084;9.2246
7403;20070330;20240126;672;477.955;100.325;Leutkirch-Herlazhofen;Baden-Württemberg;47.7955;10.0325
7410;20110201;20240126;350;507.513;90.224;Neu-Ulrichstein;Hessen;50.7513;9.0224
7412;20061001;20240126;340;500.083;94.238;Neuhütten/Spessart;Bayern;50.0083;9.4238
7419;20061201;20240126;389;506.610;120.756;Langenwetzendorf-Göttendorf;Thüringen;50.661;12.0756
7420;20070401;20240126;246;511.044;117.112;Naumburg/Saale-Kreipitzsch;Sachsen-Anhalt;51.1044;11.7112
7424;20061201;20240126;457;477.724;129.073;Piding;Bayern;47.7724;12.9073
7427;20070901;20240126;17;540.188;99.255;Padenstedt;Schleswig-Holstein;54.0188;9.9255
7428;20070501;20240126;397;504.167;108.156;Veilsdorf;Thüringen;50.4167;10.8156
7431;20071101;20240126;604;480.130;115.524;Oberhaching-Laufzorn;Bayern;48.013;11.5524
7432;20070501;20240126;71;526.423;106.628;Wittingen-Vorhop;Niedersachsen;52.6423;10.6628
13667;20061123;20080706;274;480.006;78.450;Freiburg-Mitte;Baden-Württemberg;48.0006;7.845
13670;20070601;20240126;24;515.088;67.018;Duisburg-Baerl;Nordrhein-Westfalen;51.5088;6.7018
13674;20070801;20240126;237;492.943;89.053;Waibstadt;Baden-Württemberg;49.2943;8.9053
13675;20071101;20240126;75;520.818;94.077;Hameln-Hastenbeck;Niedersachsen;52.0818;9.4077
13696;20071201;20240126;60;515.966;74.048;Waltrop-Abdinghof;Nordrhein-Westfalen;51.5966;7.4048
13700;20080501;20240126;203;513.329;73.412;Gevelsberg-Oberbröking;Nordrhein-Westfalen;51.3329;7.3412
13710;20080401;20240126;490;485.734;122.576;Landshut-Reithof;Bayern;48.5734;12.2576
13711;20071201;20240126;289;506.820;115.150;Krölpa-Rockendorf;Thüringen;50.682;11.515
13713;20071101;20240126;386;510.899;76.289;Meinerzhagen-Redlendorf;Nordrhein-Westfalen;51.0899;7.6289
13776;20080301;20110104;85;521.789;99.524;Hildesheim-Drispenstedt;Niedersachsen;52.1789;9.9524
13777;20080601;20240126;109;522.467;109.592;Helmstedt-Emmerstedt;Niedersachsen;52.2467;10.9592
13904;20080915;20100426;3;550.000;63.333;Nordseeboje;Hamburg;55;6.3333
13965;20081201;20240126;619;482.639;88.134;Balingen-Bronnhaupten;Baden-Württemberg;48.2639;8.8134
14003;19610103;19920629;728;478.619;106.144;Kaufbeuren;Bayern;47.8619;10.6144
15000;20110401;20240126;231;507.983;60.244;Aachen-Orsbach;Nordrhein-Westfalen;50.7983;6.0244
15207;20131101;20240126;317;512.835;93.590;Schauenburg-Elgershausen;Hessen;51.2835;9.359
15444;20140901;20240126;593;484.418;99.216;Ulm-Mähringen;Baden-Württemberg;48.4418;9.9216
15555;20160501;20240126;815;478.761;105.849;Kaufbeuren-Oberbeuren;Bayern;47.8761;10.5849
15813;20220301;20240126;40;525.126;74.131;Lingen-Baccum;Niedersachsen;52.5126;7.4131
19171;20200901;20240126;13;540.039;98.555;Hasenkrug-Hardebek;Schleswig-Holstein;54.0039;9.8555
19172;20200901;20240126;48;540.246;93.880;Wacken;Schleswig-Holstein;54.0246;9.388
19207;20230401;20240126;16;538.178;120.645;Gülzow-Prüzen;Mecklenburg-Vorpommern;53.8178;12.0645
